symbol,take_profit,stop_loss,max_hold_bars,volume_ratio,rsi_max,total_trades,win_rate,total_return,mdd,pf,avg_hold_bars,asset,resample_min,saved_at
KRW-AAVE,0.01,0.01,30,2.0,65,715,44.2,-48.34,-47.7,0.87,17.9,CRYPTO,5,2026-04-27 01:27:34
KRW-AAVE,0.01,0.01,50,2.0,65,701,46.2,-53.2,-50.38,0.87,22.0,CRYPTO,5,2026-04-27 01:27:34
KRW-AAVE,0.03,0.01,30,2.0,65,675,27.9,-52.94,-54.42,0.869,31.9,CRYPTO,5,2026-04-27 01:27:34
KRW-AAVE,0.03,0.01,50,2.0,65,649,27.3,-62.87,-59.81,0.866,41.1,CRYPTO,5,2026-04-27 01:27:34
KRW-AAVE,0.02,0.01,30,2.0,65,696,32.5,-59.53,-56.94,0.855,25.1,CRYPTO,5,2026-04-27 01:27:34
KRW-AAVE,0.02,0.01,50,2.0,65,674,33.1,-68.52,-63.13,0.854,31.8,CRYPTO,5,2026-04-27 01:27:34
KRW-AAVE,0.03,0.01,20,2.0,65,695,28.1,-56.06,-54.45,0.853,25.5,CRYPTO,5,2026-04-27 01:27:34
KRW-AAVE,0.02,0.01,50,2.0,70,1129,33.0,-124.68,-77.64,0.843,31.3,CRYPTO,5,2026-04-27 01:27:34
KRW-AAVE,0.03,0.01,10,2.0,65,724,27.9,-54.85,-48.1,0.828,17.7,CRYPTO,5,2026-04-27 01:27:34
KRW-AAVE,0.02,0.008,50,2.0,65,685,29.5,-81.14,-64.16,0.822,27.4,CRYPTO,5,2026-04-27 01:27:34
KRW-AAVE,0.02,0.01,20,2.0,65,712,31.6,-68.12,-55.48,0.822,20.1,CRYPTO,5,2026-04-27 01:27:34
KRW-AAVE,0.01,0.01,20,2.0,65,724,41.2,-63.27,-50.0,0.822,14.6,CRYPTO,5,2026-04-27 01:27:34
KRW-AAVE,0.015,0.01,50,2.0,70,1166,37.8,-140.86,-79.57,0.82,26.5,CRYPTO,5,2026-04-27 01:27:34
KRW-AAVE,0.03,0.008,50,2.0,65,662,23.9,-84.6,-68.41,0.816,35.7,CRYPTO,5,2026-04-27 01:27:34
KRW-AAVE,0.01,0.01,50,2.0,70,1210,45.5,-136.96,-77.53,0.815,21.0,CRYPTO,5,2026-04-27 01:27:34
KRW-AAVE,0.015,0.01,30,2.0,65,707,35.5,-74.08,-55.53,0.815,21.8,CRYPTO,5,2026-04-27 01:27:34
KRW-AAVE,0.03,0.005,50,2.0,65,689,19.4,-74.37,-63.6,0.815,27.2,CRYPTO,5,2026-04-27 01:27:34
KRW-AAVE,0.03,0.01,50,1.5,65,859,26.3,-118.9,-77.7,0.814,39.9,CRYPTO,5,2026-04-27 01:27:34
KRW-AAVE,0.015,0.01,50,2.0,65,688,37.2,-84.33,-60.99,0.813,27.8,CRYPTO,5,2026-04-27 01:27:34
KRW-AAVE,0.02,0.01,30,2.0,70,1185,31.9,-135.81,-78.96,0.813,25.0,CRYPTO,5,2026-04-27 01:27:34
KRW-AAVE,0.01,0.008,50,2.0,65,709,41.9,-76.48,-58.08,0.81,18.6,CRYPTO,5,2026-04-27 01:27:34
KRW-AAVE,0.03,0.01,30,1.5,65,901,27.6,-107.46,-72.8,0.809,31.0,CRYPTO,5,2026-04-27 01:27:34
KRW-AAVE,0.03,0.01,50,2.0,70,1065,26.8,-149.43,-85.15,0.809,39.8,CRYPTO,5,2026-04-27 01:27:34
KRW-AAVE,0.03,0.008,30,2.0,65,686,25.5,-80.16,-64.6,0.804,28.3,CRYPTO,5,2026-04-27 01:27:34
KRW-AAVE,0.01,0.008,30,2.0,65,723,41.2,-74.72,-56.08,0.802,15.5,CRYPTO,5,2026-04-27 01:27:34
KRW-AAVE,0.02,0.008,30,2.0,65,705,29.9,-81.47,-61.2,0.802,22.3,CRYPTO,5,2026-04-27 01:27:34
KRW-AAVE,0.03,0.008,10,2.0,65,724,27.1,-63.43,-53.18,0.802,17.0,CRYPTO,5,2026-04-27 01:27:34
KRW-AAVE,0.03,0.008,20,2.0,65,701,26.5,-76.47,-62.58,0.8,23.6,CRYPTO,5,2026-04-27 01:27:34
KRW-AAVE,0.03,0.01,20,1.5,65,931,27.2,-105.47,-71.32,0.799,25.1,CRYPTO,5,2026-04-27 01:27:34
KRW-AAVE,0.02,0.008,20,2.0,65,717,30.0,-78.29,-59.36,0.796,18.4,CRYPTO,5,2026-04-27 01:27:34
KRW-AAVE,0.01,0.01,30,1.2,65,1150,42.6,-129.23,-75.74,0.795,18.0,CRYPTO,5,2026-04-27 01:27:34
KRW-AAVE,0.015,0.01,30,2.0,70,1220,35.7,-148.45,-80.5,0.795,21.4,CRYPTO,5,2026-04-27 01:27:34
KRW-AAVE,0.01,0.01,50,1.2,65,1124,44.6,-141.7,-79.13,0.794,22.0,CRYPTO,5,2026-04-27 01:27:34
KRW-AAVE,0.01,0.01,30,2.0,70,1250,43.1,-143.51,-78.51,0.794,17.6,CRYPTO,5,2026-04-27 01:27:34
KRW-AAVE,0.02,0.008,50,2.0,70,1164,29.0,-162.31,-84.79,0.794,26.8,CRYPTO,5,2026-04-27 01:27:34
KRW-AAVE,0.03,0.01,50,1.5,70,1329,26.4,-205.71,-91.24,0.794,38.7,CRYPTO,5,2026-04-27 01:27:34
KRW-AAVE,0.02,0.01,10,2.0,65,740,30.1,-67.19,-53.44,0.792,13.5,CRYPTO,5,2026-04-27 01:27:34
KRW-AAVE,0.01,0.01,50,1.2,70,1799,45.2,-233.31,-92.09,0.792,21.0,CRYPTO,5,2026-04-27 01:27:34
KRW-AAVE,0.02,0.01,20,2.0,70,1227,30.7,-143.39,-79.92,0.788,20.3,CRYPTO,5,2026-04-27 01:27:34
KRW-AAVE,0.02,0.01,50,1.5,70,1424,31.9,-220.58,-91.71,0.786,31.1,CRYPTO,5,2026-04-27 01:27:34
KRW-AAVE,0.01,0.01,10,2.0,65,750,37.6,-66.01,-52.05,0.786,9.9,CRYPTO,5,2026-04-27 01:27:34
KRW-AAVE,0.02,0.01,50,1.2,70,1611,32.0,-252.7,-94.08,0.784,31.1,CRYPTO,5,2026-04-27 01:27:34
KRW-AAVE,0.01,0.01,50,1.5,65,946,44.3,-125.49,-73.92,0.783,22.0,CRYPTO,5,2026-04-27 01:27:34
KRW-AAVE,0.01,0.01,50,1.5,70,1561,45.0,-212.7,-89.84,0.782,21.0,CRYPTO,5,2026-04-27 01:27:34
KRW-AAVE,0.03,0.01,50,1.2,70,1492,26.6,-246.25,-94.36,0.782,39.1,CRYPTO,5,2026-04-27 01:27:34
KRW-AAVE,0.03,0.01,50,1.2,65,1001,25.7,-164.28,-86.34,0.781,40.2,CRYPTO,5,2026-04-27 01:27:34
KRW-AAVE,0.01,0.008,20,2.0,65,729,39.2,-78.32,-57.25,0.781,13.1,CRYPTO,5,2026-04-27 01:27:34
KRW-AAVE,0.01,0.005,50,2.0,65,732,34.8,-78.74,-57.29,0.781,12.9,CRYPTO,5,2026-04-27 01:27:34
KRW-AAVE,0.03,0.01,30,2.0,70,1132,26.9,-157.21,-85.43,0.78,31.3,CRYPTO,5,2026-04-27 01:27:34
KRW-AAVE,0.01,0.01,30,1.5,65,971,42.3,-117.49,-71.86,0.78,18.0,CRYPTO,5,2026-04-27 01:27:34
KRW-AAVE,0.015,0.01,20,2.0,65,719,34.6,-83.39,-59.14,0.778,17.4,CRYPTO,5,2026-04-27 01:27:34
KRW-AAVE,0.015,0.01,20,2.0,70,1257,34.1,-149.72,-80.21,0.778,17.3,CRYPTO,5,2026-04-27 01:27:34
KRW-AAVE,0.015,0.01,50,1.5,70,1492,37.0,-230.23,-92.09,0.777,26.1,CRYPTO,5,2026-04-27 01:27:34
KRW-AAVE,0.01,0.01,30,1.2,70,1869,42.4,-237.73,-92.05,0.776,17.6,CRYPTO,5,2026-04-27 01:27:34
KRW-AAVE,0.015,0.008,50,2.0,65,699,33.5,-99.01,-67.1,0.776,23.6,CRYPTO,5,2026-04-27 01:27:34
KRW-AAVE,0.015,0.008,50,2.0,70,1197,33.8,-173.93,-85.18,0.776,22.5,CRYPTO,5,2026-04-27 01:27:34
KRW-AAVE,0.01,0.01,20,2.0,70,1281,40.0,-149.68,-79.23,0.773,14.5,CRYPTO,5,2026-04-27 01:27:34
KRW-AAVE,0.03,0.01,30,1.2,65,1051,27.2,-149.36,-81.98,0.773,31.1,CRYPTO,5,2026-04-27 01:27:34
KRW-AAVE,0.02,0.008,10,2.0,65,740,29.3,-74.24,-56.57,0.771,12.9,CRYPTO,5,2026-04-27 01:27:34
KRW-AAVE,0.03,0.005,10,2.0,65,729,24.4,-70.68,-56.89,0.771,15.1,CRYPTO,5,2026-04-27 01:27:34
KRW-AAVE,0.03,0.005,30,2.0,65,707,20.8,-86.17,-65.4,0.771,22.0,CRYPTO,5,2026-04-27 01:27:34
KRW-AAVE,0.015,0.01,10,2.0,65,745,33.0,-73.11,-55.92,0.77,11.5,CRYPTO,5,2026-04-27 01:27:34
KRW-AAVE,0.03,0.01,20,1.2,65,1089,27.0,-143.18,-80.24,0.77,25.2,CRYPTO,5,2026-04-27 01:27:34
KRW-AAVE,0.015,0.008,30,2.0,65,716,33.1,-93.07,-63.1,0.769,19.1,CRYPTO,5,2026-04-27 01:27:34
KRW-AAVE,0.03,0.01,20,2.0,70,1178,26.9,-153.98,-84.49,0.769,25.2,CRYPTO,5,2026-04-27 01:27:34
KRW-AAVE,0.02,0.005,50,2.0,65,713,23.1,-93.43,-65.57,0.769,19.8,CRYPTO,5,2026-04-27 01:27:34
KRW-AAVE,0.015,0.01,50,1.2,70,1693,36.9,-272.55,-94.92,0.768,26.3,CRYPTO,5,2026-04-27 01:27:34
KRW-AAVE,0.03,0.01,30,1.2,70,1610,26.8,-243.68,-93.75,0.767,31.1,CRYPTO,5,2026-04-27 01:27:34
KRW-AAVE,0.03,0.01,30,1.5,70,1433,26.6,-216.5,-91.63,0.767,30.6,CRYPTO,5,2026-04-27 01:27:34
KRW-AAVE,0.01,0.008,50,1.2,65,1137,41.0,-154.78,-81.82,0.767,18.5,CRYPTO,5,2026-04-27 01:27:34
KRW-AAVE,0.03,0.005,20,2.0,65,715,22.2,-83.35,-64.51,0.766,19.3,CRYPTO,5,2026-04-27 01:27:34
KRW-AAVE,0.01,0.008,50,2.0,70,1241,40.9,-173.36,-84.34,0.765,17.5,CRYPTO,5,2026-04-27 01:27:34
KRW-AAVE,0.01,0.005,30,2.0,65,740,34.2,-82.12,-58.76,0.765,11.3,CRYPTO,5,2026-04-27 01:27:34
KRW-AAVE,0.03,0.008,50,1.5,65,878,22.8,-146.17,-82.68,0.765,34.6,CRYPTO,5,2026-04-27 01:27:34
KRW-AAVE,0.03,0.008,50,2.0,70,1106,23.3,-185.52,-89.39,0.763,34.3,CRYPTO,5,2026-04-27 01:27:34
KRW-AAVE,0.01,0.008,10,2.0,65,750,36.7,-74.6,-55.98,0.762,9.3,CRYPTO,5,2026-04-27 01:27:34
KRW-AAVE,0.03,0.008,50,1.5,70,1389,22.9,-234.74,-93.28,0.762,33.4,CRYPTO,5,2026-04-27 01:27:34
KRW-AAVE,0.01,0.008,50,1.2,70,1858,41.0,-265.76,-94.24,0.76,17.4,CRYPTO,5,2026-04-27 01:27:34
KRW-AAVE,0.01,0.008,30,1.2,65,1163,40.2,-149.82,-80.11,0.76,15.7,CRYPTO,5,2026-04-27 01:27:34
KRW-AAVE,0.03,0.008,30,1.5,65,916,25.4,-135.21,-79.33,0.759,27.7,CRYPTO,5,2026-04-27 01:27:34
KRW-AAVE,0.02,0.008,30,2.0,70,1213,28.7,-179.72,-86.46,0.757,22.1,CRYPTO,5,2026-04-27 01:27:34
KRW-AAVE,0.02,0.01,50,1.5,65,896,31.1,-156.82,-82.34,0.757,31.6,CRYPTO,5,2026-04-27 01:27:34
KRW-AAVE,0.02,0.01,30,1.2,70,1715,30.8,-265.02,-94.29,0.757,25.0,CRYPTO,5,2026-04-27 01:27:34
KRW-AAVE,0.02,0.008,20,2.0,70,1243,29.1,-166.53,-84.06,0.757,18.5,CRYPTO,5,2026-04-27 01:27:34
KRW-AAVE,0.03,0.01,20,1.5,70,1503,26.0,-213.81,-91.27,0.757,24.8,CRYPTO,5,2026-04-27 01:27:34
KRW-AAVE,0.015,0.01,30,1.2,70,1786,34.9,-266.52,-94.41,0.757,21.4,CRYPTO,5,2026-04-27 01:27:34
KRW-AAVE,0.03,0.008,50,1.2,70,1563,23.2,-270.65,-95.44,0.756,33.7,CRYPTO,5,2026-04-27 01:27:34
KRW-AAVE,0.015,0.008,20,2.0,65,724,32.9,-91.9,-62.61,0.756,15.7,CRYPTO,5,2026-04-27 01:27:34
KRW-AAVE,0.03,0.008,20,1.5,65,939,25.6,-128.14,-77.02,0.755,23.2,CRYPTO,5,2026-04-27 01:27:34
KRW-AAVE,0.005,0.005,50,2.0,65,747,47.7,-73.53,-54.24,0.754,8.1,CRYPTO,5,2026-04-27 01:27:34
KRW-AAVE,0.02,0.008,50,1.2,70,1678,28.1,-283.38,-95.55,0.754,26.6,CRYPTO,5,2026-04-27 01:27:34
KRW-AAVE,0.01,0.01,30,1.5,70,1627,41.9,-229.53,-91.2,0.754,17.6,CRYPTO,5,2026-04-27 01:27:34
KRW-AAVE,0.02,0.01,30,1.5,65,934,31.0,-141.85,-78.4,0.754,24.9,CRYPTO,5,2026-04-27 01:27:34
KRW-AAVE,0.01,0.005,20,2.0,65,744,34.1,-83.39,-59.07,0.753,10.1,CRYPTO,5,2026-04-27 01:27:34
KRW-AAVE,0.01,0.01,20,1.2,65,1175,39.0,-150.28,-79.93,0.753,14.9,CRYPTO,5,2026-04-27 01:27:34
KRW-AAVE,0.01,0.005,10,2.0,65,755,33.9,-74.09,-55.83,0.753,7.8,CRYPTO,5,2026-04-27 01:27:34
KRW-AAVE,0.015,0.008,10,2.0,65,745,32.2,-79.13,-58.49,0.753,10.8,CRYPTO,5,2026-04-27 01:27:34
KRW-AAVE,0.01,0.008,50,1.5,70,1609,40.7,-237.07,-91.9,0.752,17.5,CRYPTO,5,2026-04-27 01:27:34
KRW-AAVE,0.015,0.008,50,1.5,70,1542,33.1,-251.32,-93.34,0.751,22.1,CRYPTO,5,2026-04-27 01:27:34
KRW-AAVE,0.02,0.008,50,1.5,70,1479,27.9,-252.0,-93.82,0.751,26.6,CRYPTO,5,2026-04-27 01:27:34
KRW-AAVE,0.01,0.008,50,1.5,65,957,40.3,-140.2,-77.55,0.75,18.6,CRYPTO,5,2026-04-27 01:27:34
KRW-AAVE,0.01,0.01,20,1.2,70,1936,38.9,-256.73,-93.26,0.748,14.6,CRYPTO,5,2026-04-27 01:27:34
KRW-AAVE,0.03,0.008,30,1.5,70,1471,24.5,-234.22,-92.8,0.747,27.4,CRYPTO,5,2026-04-27 01:27:34
KRW-AAVE,0.015,0.01,30,1.5,70,1576,34.6,-245.97,-92.99,0.746,21.2,CRYPTO,5,2026-04-27 01:27:34
KRW-AAVE,0.015,0.01,30,1.2,65,1120,34.7,-170.07,-83.72,0.746,21.8,CRYPTO,5,2026-04-27 01:27:34
KRW-AAVE,0.03,0.01,10,1.5,65,993,26.1,-115.39,-72.51,0.746,17.2,CRYPTO,5,2026-04-27 01:27:34
KRW-AAVE,0.02,0.01,50,1.2,65,1053,30.6,-195.02,-88.06,0.746,31.8,CRYPTO,5,2026-04-27 01:27:34
KRW-AAVE,0.02,0.01,30,1.5,70,1519,30.4,-245.79,-93.04,0.745,24.8,CRYPTO,5,2026-04-27 01:27:34
KRW-AAVE,0.03,0.008,30,1.2,70,1657,24.9,-265.54,-94.91,0.745,27.8,CRYPTO,5,2026-04-27 01:27:34
KRW-AAVE,0.015,0.008,50,1.2,70,1756,33.1,-294.31,-95.75,0.745,22.2,CRYPTO,5,2026-04-27 01:27:34
KRW-AAVE,0.02,0.005,50,2.0,70,1236,22.7,-182.15,-86.26,0.744,19.5,CRYPTO,5,2026-04-27 01:27:34
KRW-AAVE,0.03,0.008,50,1.2,65,1023,22.6,-187.19,-88.56,0.743,34.7,CRYPTO,5,2026-04-27 01:27:34
KRW-AAVE,0.015,0.01,50,1.2,65,1085,35.6,-192.01,-87.26,0.743,27.4,CRYPTO,5,2026-04-27 01:27:34
KRW-AAVE,0.02,0.01,30,1.2,65,1095,30.9,-174.44,-84.55,0.743,25.0,CRYPTO,5,2026-04-27 01:27:34
KRW-AAVE,0.01,0.01,20,1.5,65,988,39.1,-130.53,-74.97,0.743,14.8,CRYPTO,5,2026-04-27 01:27:34
KRW-AAVE,0.015,0.005,10,2.0,65,750,29.6,-79.55,-58.88,0.742,9.2,CRYPTO,5,2026-04-27 01:27:34
KRW-AAVE,0.015,0.008,30,2.0,70,1244,32.4,-189.53,-86.83,0.742,18.7,CRYPTO,5,2026-04-27 01:27:34
KRW-AAVE,0.02,0.005,10,2.0,65,745,26.6,-80.61,-59.38,0.742,11.2,CRYPTO,5,2026-04-27 01:27:34
KRW-AAVE,0.03,0.008,20,2.0,70,1195,25.7,-174.03,-87.01,0.742,23.4,CRYPTO,5,2026-04-27 01:27:34
KRW-AAVE,0.01,0.008,30,2.0,70,1275,39.7,-182.47,-85.47,0.742,15.2,CRYPTO,5,2026-04-27 01:27:34
KRW-AAVE,0.03,0.005,50,1.5,65,932,17.9,-144.72,-81.62,0.741,25.7,CRYPTO,5,2026-04-27 01:27:34
KRW-AAVE,0.03,0.01,20,1.2,70,1708,25.9,-257.83,-94.38,0.741,24.9,CRYPTO,5,2026-04-27 01:27:34
KRW-AAVE,0.01,0.008,30,1.5,65,981,39.7,-137.15,-76.82,0.741,15.7,CRYPTO,5,2026-04-27 01:27:34
KRW-AAVE,0.03,0.008,20,1.2,65,1099,25.7,-160.39,-83.12,0.739,23.3,CRYPTO,5,2026-04-27 01:27:34
KRW-AAVE,0.01,0.008,30,1.2,70,1913,39.4,-278.67,-94.65,0.739,15.2,CRYPTO,5,2026-04-27 01:27:34
KRW-AAVE,0.005,0.005,30,2.0,65,752,46.3,-77.8,-56.14,0.739,7.7,CRYPTO,5,2026-04-27 01:27:34
KRW-AAVE,0.03,0.008,30,2.0,70,1163,24.2,-190.71,-89.22,0.739,27.8,CRYPTO,5,2026-04-27 01:27:34
KRW-AAVE,0.015,0.01,30,1.5,65,952,34.5,-148.89,-79.32,0.738,21.7,CRYPTO,5,2026-04-27 01:27:34
KRW-AAVE,0.03,0.008,30,1.2,65,1068,25.5,-171.0,-85.4,0.738,27.9,CRYPTO,5,2026-04-27 01:27:34
KRW-AAVE,0.03,0.005,50,2.0,70,1176,18.5,-185.28,-88.26,0.737,26.0,CRYPTO,5,2026-04-27 01:27:34
KRW-AAVE,0.03,0.008,20,1.5,70,1530,24.6,-230.19,-92.58,0.737,22.9,CRYPTO,5,2026-04-27 01:27:34
KRW-AAVE,0.015,0.01,50,1.5,65,919,35.7,-165.56,-82.89,0.737,27.4,CRYPTO,5,2026-04-27 01:27:34
KRW-AAVE,0.015,0.008,20,2.0,70,1270,32.1,-180.59,-85.16,0.736,15.6,CRYPTO,5,2026-04-27 01:27:34
KRW-AAVE,0.01,0.008,20,1.2,65,1184,37.4,-158.64,-81.52,0.736,13.4,CRYPTO,5,2026-04-27 01:27:34
KRW-AAVE,0.01,0.005,50,2.0,70,1303,33.5,-176.07,-83.98,0.735,12.2,CRYPTO,5,2026-04-27 01:27:34
KRW-AAVE,0.015,0.005,50,2.0,65,724,26.9,-105.43,-67.95,0.733,16.5,CRYPTO,5,2026-04-27 01:27:34
KRW-AAVE,0.02,0.008,50,1.5,65,913,27.5,-168.02,-84.11,0.731,27.1,CRYPTO,5,2026-04-27 01:27:34
KRW-AAVE,0.015,0.005,50,2.0,70,1269,26.9,-188.64,-86.6,0.731,15.8,CRYPTO,5,2026-04-27 01:27:34
KRW-AAVE,0.02,0.01,20,1.5,65,960,30.0,-145.15,-78.98,0.73,20.2,CRYPTO,5,2026-04-27 01:27:34
KRW-AAVE,0.02,0.008,30,1.2,70,1762,28.3,-293.72,-95.7,0.73,22.1,CRYPTO,5,2026-04-27 01:27:34
KRW-AAVE,0.015,0.008,30,1.2,70,1829,32.4,-294.44,-95.65,0.73,18.8,CRYPTO,5,2026-04-27 01:27:34
KRW-AAVE,0.03,0.008,10,1.5,65,993,25.4,-122.16,-74.48,0.729,16.6,CRYPTO,5,2026-04-27 01:27:34
KRW-AAVE,0.03,0.01,10,2.0,70,1272,25.6,-159.93,-83.02,0.728,17.1,CRYPTO,5,2026-04-27 01:27:34
KRW-AAVE,0.015,0.008,30,1.2,65,1134,32.9,-178.99,-85.08,0.728,19.2,CRYPTO,5,2026-04-27 01:27:34
KRW-AAVE,0.01,0.008,20,2.0,70,1297,37.7,-182.77,-84.99,0.727,12.9,CRYPTO,5,2026-04-27 01:27:34
KRW-AAVE,0.03,0.008,20,1.2,70,1740,24.7,-272.08,-95.11,0.727,23.0,CRYPTO,5,2026-04-27 01:27:34
KRW-AAVE,0.01,0.01,20,1.5,70,1673,38.7,-242.79,-91.97,0.727,14.5,CRYPTO,5,2026-04-27 01:27:34
KRW-AAVE,0.01,0.005,50,1.2,65,1198,33.3,-165.87,-83.53,0.726,12.8,CRYPTO,5,2026-04-27 01:27:34
KRW-AAVE,0.015,0.008,50,1.2,65,1103,32.3,-196.88,-87.82,0.726,23.2,CRYPTO,5,2026-04-27 01:27:34
KRW-AAVE,0.015,0.01,20,1.5,70,1630,32.8,-250.0,-93.04,0.725,17.2,CRYPTO,5,2026-04-27 01:27:34
KRW-AAVE,0.015,0.01,20,1.2,70,1867,32.6,-286.77,-95.28,0.724,17.3,CRYPTO,5,2026-04-27 01:27:34
KRW-AAVE,0.03,0.005,50,1.2,65,1094,17.8,-180.57,-86.92,0.724,25.7,CRYPTO,5,2026-04-27 01:27:34
KRW-AAVE,0.015,0.01,20,1.2,65,1153,33.2,-173.83,-84.2,0.724,17.6,CRYPTO,5,2026-04-27 01:27:34
KRW-AAVE,0.02,0.008,50,1.2,65,1072,27.2,-203.59,-88.97,0.724,27.3,CRYPTO,5,2026-04-27 01:27:34
KRW-AAVE,0.01,0.008,30,1.5,70,1661,38.8,-257.44,-93.23,0.723,15.2,CRYPTO,5,2026-04-27 01:27:34
KRW-AAVE,0.02,0.005,30,2.0,65,726,23.8,-105.48,-67.38,0.723,16.8,CRYPTO,5,2026-04-27 01:27:34
KRW-AAVE,0.005,0.005,10,2.0,65,760,43.0,-76.0,-55.09,0.723,5.9,CRYPTO,5,2026-04-27 01:27:34
KRW-AAVE,0.015,0.01,10,2.0,70,1334,31.1,-165.4,-82.84,0.723,11.5,CRYPTO,5,2026-04-27 01:27:34
KRW-AAVE,0.02,0.01,20,1.5,70,1582,29.1,-251.38,-93.22,0.723,20.2,CRYPTO,5,2026-04-27 01:27:34
KRW-AAVE,0.005,0.005,20,2.0,65,756,45.8,-81.47,-57.59,0.723,7.2,CRYPTO,5,2026-04-27 01:27:34
KRW-AAVE,0.01,0.01,10,2.0,70,1355,35.7,-162.44,-81.73,0.723,9.8,CRYPTO,5,2026-04-27 01:27:34
KRW-AAVE,0.03,0.01,10,1.2,65,1177,26.0,-149.23,-80.37,0.722,16.7,CRYPTO,5,2026-04-27 01:27:34
KRW-AAVE,0.02,0.005,20,2.0,65,732,24.6,-101.11,-66.06,0.721,14.8,CRYPTO,5,2026-04-27 01:27:34
KRW-AAVE,0.01,0.008,20,1.5,65,994,37.2,-140.56,-77.44,0.721,13.3,CRYPTO,5,2026-04-27 01:27:34
KRW-AAVE,0.03,0.005,50,1.5,70,1513,17.8,-255.83,-94.16,0.72,24.7,CRYPTO,5,2026-04-27 01:27:34
KRW-AAVE,0.02,0.01,20,1.2,70,1805,29.0,-289.97,-95.41,0.72,20.2,CRYPTO,5,2026-04-27 01:27:34
KRW-AAVE,0.015,0.008,30,1.5,70,1608,31.9,-267.71,-94.19,0.72,18.7,CRYPTO,5,2026-04-27 01:27:34
KRW-AAVE,0.02,0.008,30,1.5,70,1554,27.8,-269.72,-94.49,0.719,22.0,CRYPTO,5,2026-04-27 01:27:34
KRW-AAVE,0.02,0.008,30,1.5,65,946,28.9,-159.85,-81.91,0.719,22.1,CRYPTO,5,2026-04-27 01:27:34
KRW-AAVE,0.03,0.01,10,1.5,70,1661,25.0,-219.23,-91.04,0.719,17.0,CRYPTO,5,2026-04-27 01:27:34
KRW-AAVE,0.02,0.01,10,2.0,70,1316,28.1,-169.41,-84.02,0.718,13.4,CRYPTO,5,2026-04-27 01:27:34
KRW-AAVE,0.01,0.003,50,2.0,65,753,26.4,-88.85,-60.74,0.718,8.3,CRYPTO,5,2026-04-27 01:27:34
KRW-AAVE,0.03,0.005,20,1.5,65,971,21.2,-139.72,-79.21,0.718,18.9,CRYPTO,5,2026-04-27 01:27:34
KRW-AAVE,0.02,0.008,30,1.2,65,1110,28.9,-189.5,-86.7,0.717,22.3,CRYPTO,5,2026-04-27 01:27:34
KRW-AAVE,0.03,0.005,50,1.2,70,1723,18.2,-293.03,-96.08,0.717,24.9,CRYPTO,5,2026-04-27 01:27:34
KRW-AAVE,0.01,0.008,20,1.2,70,1968,36.9,-290.43,-95.16,0.717,13.0,CRYPTO,5,2026-04-27 01:27:34
KRW-AAVE,0.02,0.01,20,1.2,65,1131,29.7,-181.32,-85.44,0.716,20.2,CRYPTO,5,2026-04-27 01:27:34
KRW-AAVE,0.015,0.005,20,2.0,65,738,27.9,-100.87,-65.83,0.716,12.4,CRYPTO,5,2026-04-27 01:27:34
KRW-AAVE,0.015,0.008,20,1.2,65,1162,31.8,-176.37,-84.6,0.716,15.9,CRYPTO,5,2026-04-27 01:27:34
KRW-AAVE,0.015,0.01,20,1.5,65,975,33.2,-151.55,-79.71,0.715,17.5,CRYPTO,5,2026-04-27 01:27:34
KRW-AAVE,0.015,0.008,50,1.5,65,935,32.1,-173.12,-84.06,0.715,23.3,CRYPTO,5,2026-04-27 01:27:34
KRW-AAVE,0.01,0.005,50,1.2,70,1994,32.9,-293.52,-95.43,0.715,12.1,CRYPTO,5,2026-04-27 01:27:34
KRW-AAVE,0.005,0.005,50,1.2,65,1231,46.1,-146.39,-78.98,0.714,8.1,CRYPTO,5,2026-04-27 01:27:34
KRW-AAVE,0.01,0.003,30,2.0,65,755,26.6,-88.91,-60.71,0.714,7.8,CRYPTO,5,2026-04-27 01:27:34
KRW-AAVE,0.01,0.005,30,2.0,70,1325,32.8,-185.61,-85.38,0.714,11.0,CRYPTO,5,2026-04-27 01:27:34
KRW-AAVE,0.015,0.005,30,2.0,65,734,27.0,-107.21,-67.85,0.713,14.1,CRYPTO,5,2026-04-27 01:27:34
KRW-AAVE,0.01,0.003,10,2.0,65,762,29.3,-80.25,-57.44,0.713,6.0,CRYPTO,5,2026-04-27 01:27:34
KRW-AAVE,0.01,0.005,30,1.2,65,1213,32.9,-168.91,-83.52,0.713,11.4,CRYPTO,5,2026-04-27 01:27:34
KRW-AAVE,0.015,0.008,30,1.5,65,963,32.4,-159.96,-81.44,0.713,19.1,CRYPTO,5,2026-04-27 01:27:34
KRW-AAVE,0.03,0.008,10,1.2,65,1178,25.5,-154.09,-81.28,0.712,16.1,CRYPTO,5,2026-04-27 01:27:34
KRW-AAVE,0.02,0.008,20,1.5,65,966,28.4,-152.73,-80.41,0.711,18.5,CRYPTO,5,2026-04-27 01:27:34
KRW-AAVE,0.02,0.008,20,1.2,70,1838,27.7,-299.26,-95.83,0.71,18.4,CRYPTO,5,2026-04-27 01:27:34
KRW-AAVE,0.01,0.003,20,2.0,65,756,27.4,-88.2,-60.25,0.71,7.2,CRYPTO,5,2026-04-27 01:27:34
KRW-AAVE,0.02,0.008,20,1.5,70,1607,27.6,-261.18,-93.87,0.71,18.4,CRYPTO,5,2026-04-27 01:27:34
KRW-AAVE,0.01,0.01,10,1.2,65,1239,35.5,-154.05,-80.58,0.709,9.9,CRYPTO,5,2026-04-27 01:27:34
KRW-AAVE,0.03,0.003,50,2.0,65,720,14.2,-101.66,-67.58,0.709,17.9,CRYPTO,5,2026-04-27 01:27:34
KRW-AAVE,0.03,0.005,10,1.5,65,1007,23.0,-127.33,-75.8,0.709,14.6,CRYPTO,5,2026-04-27 01:27:34
KRW-AAVE,0.01,0.005,50,1.5,65,1002,32.8,-148.54,-79.23,0.709,12.8,CRYPTO,5,2026-04-27 01:27:34
KRW-AAVE,0.03,0.005,30,1.5,65,960,20.2,-152.3,-81.62,0.709,21.1,CRYPTO,5,2026-04-27 01:27:34
KRW-AAVE,0.005,0.005,50,2.0,70,1360,46.4,-164.74,-81.82,0.708,7.6,CRYPTO,5,2026-04-27 01:27:34
KRW-AAVE,0.03,0.01,10,1.2,70,1909,24.8,-262.14,-94.23,0.707,16.8,CRYPTO,5,2026-04-27 01:27:34
KRW-AAVE,0.02,0.008,20,1.2,65,1140,28.3,-184.9,-85.94,0.706,18.5,CRYPTO,5,2026-04-27 01:27:34
KRW-AAVE,0.01,0.005,20,1.2,65,1223,32.4,-168.61,-83.13,0.705,10.3,CRYPTO,5,2026-04-27 01:27:34
KRW-AAVE,0.01,0.005,50,1.5,70,1718,32.7,-263.21,-93.36,0.704,12.1,CRYPTO,5,2026-04-27 01:27:34
KRW-AAVE,0.01,0.01,10,1.2,70,2085,35.0,-269.15,-93.86,0.704,9.9,CRYPTO,5,2026-04-27 01:27:34
KRW-AAVE,0.015,0.005,30,2.0,70,1300,26.7,-200.58,-87.85,0.703,13.8,CRYPTO,5,2026-04-27 01:27:34
KRW-AAVE,0.015,0.008,10,2.0,70,1336,30.4,-180.1,-85.23,0.703,10.8,CRYPTO,5,2026-04-27 01:27:34
KRW-AAVE,0.005,0.005,30,2.0,70,1369,45.6,-166.4,-82.11,0.703,7.3,CRYPTO,5,2026-04-27 01:27:34
KRW-AAVE,0.005,0.005,30,1.2,65,1241,45.0,-152.22,-80.04,0.702,7.8,CRYPTO,5,2026-04-27 01:27:34
KRW-AAVE,0.03,0.005,20,2.0,70,1240,21.5,-190.52,-88.09,0.702,18.9,CRYPTO,5,2026-04-27 01:27:34
KRW-AAVE,0.02,0.005,30,2.0,70,1273,23.3,-202.91,-88.4,0.702,16.7,CRYPTO,5,2026-04-27 01:27:34
KRW-AAVE,0.03,0.008,10,2.0,70,1274,25.0,-178.27,-85.98,0.701,16.5,CRYPTO,5,2026-04-27 01:27:34
KRW-AAVE,0.015,0.008,20,1.2,70,1898,31.0,-310.91,-96.21,0.701,15.7,CRYPTO,5,2026-04-27 01:27:34
KRW-AAVE,0.03,0.005,20,1.2,65,1143,21.2,-175.99,-85.2,0.7,18.9,CRYPTO,5,2026-04-27 01:27:34
KRW-AAVE,0.015,0.008,20,1.5,70,1653,30.9,-271.14,-94.24,0.7,15.6,CRYPTO,5,2026-04-27 01:27:34
KRW-AAVE,0.015,0.008,20,1.5,65,981,31.5,-156.64,-80.72,0.7,15.9,CRYPTO,5,2026-04-27 01:27:34
KRW-AAVE,0.03,0.003,30,2.0,65,725,15.6,-100.3,-65.68,0.7,16.3,CRYPTO,5,2026-04-27 01:27:34
KRW-AAVE,0.03,0.008,10,1.5,70,1664,24.2,-236.21,-92.44,0.699,16.3,CRYPTO,5,2026-04-27 01:27:34
KRW-AAVE,0.01,0.008,10,2.0,70,1357,34.9,-179.51,-84.62,0.699,9.2,CRYPTO,5,2026-04-27 01:27:34
KRW-AAVE,0.03,0.005,30,2.0,70,1224,19.8,-201.71,-89.27,0.699,21.4,CRYPTO,5,2026-04-27 01:27:34
KRW-AAVE,0.01,0.008,20,1.5,70,1699,36.6,-267.29,-93.68,0.699,13.0,CRYPTO,5,2026-04-27 01:27:34
KRW-AAVE,0.01,0.008,10,1.2,65,1241,34.9,-159.45,-81.49,0.699,9.4,CRYPTO,5,2026-04-27 01:27:34
KRW-AAVE,0.005,0.005,50,1.5,65,1024,45.8,-129.2,-74.66,0.698,8.2,CRYPTO,5,2026-04-27 01:27:34
KRW-AAVE,0.005,0.005,20,1.2,65,1249,44.3,-153.08,-80.05,0.696,7.2,CRYPTO,5,2026-04-27 01:27:34
KRW-AAVE,0.01,0.005,30,1.5,65,1014,32.5,-150.36,-79.64,0.696,11.4,CRYPTO,5,2026-04-27 01:27:34
KRW-AAVE,0.03,0.005,10,1.2,65,1198,23.1,-157.96,-81.85,0.696,14.1,CRYPTO,5,2026-04-27 01:27:34
KRW-AAVE,0.03,0.005,30,1.2,70,1798,19.8,-304.27,-96.17,0.695,21.1,CRYPTO,5,2026-04-27 01:27:34
KRW-AAVE,0.01,0.005,20,2.0,70,1337,32.3,-193.13,-86.36,0.695,9.8,CRYPTO,5,2026-04-27 01:27:34
KRW-AAVE,0.015,0.003,10,2.0,65,757,25.6,-87.72,-60.77,0.695,7.3,CRYPTO,5,2026-04-27 01:27:34
KRW-AAVE,0.015,0.005,20,2.0,70,1313,27.0,-198.27,-87.55,0.694,12.1,CRYPTO,5,2026-04-27 01:27:34
KRW-AAVE,0.015,0.01,10,1.2,65,1226,31.5,-165.7,-82.88,0.694,11.5,CRYPTO,5,2026-04-27 01:27:34
KRW-AAVE,0.03,0.005,20,1.5,70,1611,20.5,-258.05,-93.83,0.694,18.5,CRYPTO,5,2026-04-27 01:27:34
KRW-AAVE,0.03,0.005,30,1.5,70,1579,19.6,-269.47,-94.48,0.694,20.8,CRYPTO,5,2026-04-27 01:27:34
KRW-AAVE,0.005,0.005,20,2.0,70,1376,44.8,-170.23,-82.76,0.693,6.9,CRYPTO,5,2026-04-27 01:27:34
KRW-AAVE,0.02,0.008,10,2.0,70,1318,27.4,-186.85,-86.64,0.693,12.8,CRYPTO,5,2026-04-27 01:27:34
KRW-AAVE,0.01,0.005,30,1.2,70,2030,32.3,-310.3,-96.07,0.693,11.1,CRYPTO,5,2026-04-27 01:27:34
KRW-AAVE,0.02,0.005,20,2.0,70,1288,24.1,-199.58,-87.99,0.693,14.6,CRYPTO,5,2026-04-27 01:27:34
KRW-AAVE,0.015,0.005,50,1.5,70,1665,25.9,-286.01,-95.13,0.693,15.4,CRYPTO,5,2026-04-27 01:27:34
KRW-AAVE,0.01,0.01,10,1.5,65,1038,35.1,-138.22,-76.94,0.692,10.0,CRYPTO,5,2026-04-27 01:27:34
KRW-AAVE,0.03,0.005,30,1.2,65,1128,19.9,-189.42,-86.94,0.692,21.2,CRYPTO,5,2026-04-27 01:27:34
KRW-AAVE,0.015,0.008,10,1.2,65,1228,30.9,-167.42,-83.11,0.691,10.9,CRYPTO,5,2026-04-27 01:27:34
KRW-AAVE,0.03,0.008,10,1.2,70,1916,24.1,-278.84,-95.12,0.691,16.1,CRYPTO,5,2026-04-27 01:27:34
KRW-AAVE,0.005,0.005,50,1.5,70,1816,45.9,-236.56,-91.37,0.69,7.6,CRYPTO,5,2026-04-27 01:27:34
KRW-AAVE,0.005,0.005,10,1.2,65,1267,42.0,-145.95,-78.6,0.689,5.9,CRYPTO,5,2026-04-27 01:27:34
KRW-AAVE,0.02,0.005,50,1.2,70,1837,21.7,-333.65,-97.07,0.689,19.0,CRYPTO,5,2026-04-27 01:27:34
KRW-AAVE,0.015,0.005,50,1.2,70,1907,26.0,-332.3,-97.02,0.689,15.6,CRYPTO,5,2026-04-27 01:27:34
KRW-AAVE,0.005,0.005,50,1.2,70,2116,45.8,-277.98,-94.34,0.688,7.5,CRYPTO,5,2026-04-27 01:27:34
KRW-AAVE,0.01,0.005,20,1.5,65,1020,32.1,-149.07,-79.14,0.688,10.3,CRYPTO,5,2026-04-27 01:27:34
KRW-AAVE,0.02,0.003,50,2.0,65,736,16.8,-108.79,-68.52,0.688,13.6,CRYPTO,5,2026-04-27 01:27:34
KRW-AAVE,0.03,0.005,20,1.2,70,1842,20.6,-301.01,-96.03,0.688,18.6,CRYPTO,5,2026-04-27 01:27:34
KRW-AAVE,0.03,0.003,20,2.0,65,731,17.4,-100.84,-65.96,0.687,14.7,CRYPTO,5,2026-04-27 01:27:34
KRW-AAVE,0.01,0.008,10,1.2,70,2090,34.1,-288.43,-94.95,0.686,9.3,CRYPTO,5,2026-04-27 01:27:34
KRW-AAVE,0.015,0.003,20,2.0,65,750,22.1,-99.91,-64.85,0.686,9.1,CRYPTO,5,2026-04-27 01:27:34
KRW-AAVE,0.01,0.01,10,1.5,70,1796,34.7,-247.49,-92.33,0.686,9.8,CRYPTO,5,2026-04-27 01:27:34
KRW-AAVE,0.005,0.005,20,1.2,70,2144,44.5,-274.39,-94.12,0.685,6.9,CRYPTO,5,2026-04-27 01:27:34
KRW-AAVE,0.005,0.005,20,1.5,70,1840,44.6,-234.85,-91.21,0.685,6.9,CRYPTO,5,2026-04-27 01:27:34
KRW-AAVE,0.005,0.005,30,1.5,65,1032,44.7,-134.09,-75.86,0.685,7.8,CRYPTO,5,2026-04-27 01:27:34
KRW-AAVE,0.03,0.003,10,2.0,65,740,21.2,-91.76,-62.17,0.685,12.2,CRYPTO,5,2026-04-27 01:27:34
KRW-AAVE,0.015,0.003,50,2.0,65,744,20.2,-106.62,-67.68,0.684,11.0,CRYPTO,5,2026-04-27 01:27:34
KRW-AAVE,0.02,0.003,10,2.0,65,752,22.9,-91.98,-61.97,0.684,9.1,CRYPTO,5,2026-04-27 01:27:34
KRW-AAVE,0.005,0.005,30,1.5,70,1828,45.1,-240.12,-91.67,0.684,7.3,CRYPTO,5,2026-04-27 01:27:34
KRW-AAVE,0.015,0.005,10,2.0,70,1357,27.6,-185.43,-86.06,0.684,9.1,CRYPTO,5,2026-04-27 01:27:34
KRW-AAVE,0.01,0.005,10,1.2,65,1256,32.1,-161.47,-81.79,0.684,7.9,CRYPTO,5,2026-04-27 01:27:34
KRW-AAVE,0.015,0.005,20,1.2,65,1203,26.8,-188.01,-86.2,0.683,12.5,CRYPTO,5,2026-04-27 01:27:34
KRW-AAVE,0.015,0.005,50,1.2,65,1170,25.6,-207.0,-88.87,0.683,16.1,CRYPTO,5,2026-04-27 01:27:34
KRW-AAVE,0.005,0.005,30,1.2,70,2130,45.1,-281.89,-94.55,0.683,7.3,CRYPTO,5,2026-04-27 01:27:34
KRW-AAVE,0.01,0.008,10,1.5,65,1038,34.3,-141.58,-77.62,0.683,9.4,CRYPTO,5,2026-04-27 01:27:34
KRW-AAVE,0.02,0.01,10,1.5,65,1019,28.2,-147.77,-79.63,0.682,13.5,CRYPTO,5,2026-04-27 01:27:34
KRW-AAVE,0.015,0.003,30,2.0,65,748,20.7,-104.39,-66.2,0.682,10.2,CRYPTO,5,2026-04-27 01:27:34
KRW-AAVE,0.02,0.005,50,1.5,70,1607,21.3,-298.89,-95.77,0.682,19.1,CRYPTO,5,2026-04-27 01:27:34
KRW-AAVE,0.015,0.01,10,1.2,70,2037,30.1,-294.5,-95.56,0.682,11.5,CRYPTO,5,2026-04-27 01:27:34
KRW-AAVE,0.015,0.01,10,1.5,70,1766,30.1,-257.66,-93.54,0.681,11.5,CRYPTO,5,2026-04-27 01:27:34
KRW-AAVE,0.005,0.005,20,1.5,65,1039,44.2,-133.86,-75.66,0.68,7.3,CRYPTO,5,2026-04-27 01:27:34
KRW-AAVE,0.005,0.003,10,2.0,65,764,37.4,-82.64,-57.61,0.68,4.4,CRYPTO,5,2026-04-27 01:27:34
KRW-AAVE,0.03,0.005,10,2.0,70,1295,22.4,-186.14,-87.16,0.68,14.4,CRYPTO,5,2026-04-27 01:27:34
KRW-AAVE,0.015,0.005,30,1.2,65,1190,26.3,-198.57,-87.58,0.679,14.1,CRYPTO,5,2026-04-27 01:27:34
KRW-AAVE,0.01,0.005,20,1.2,70,2059,31.6,-315.72,-96.17,0.679,10.0,CRYPTO,5,2026-04-27 01:27:34
KRW-AAVE,0.02,0.01,10,1.2,65,1214,28.3,-176.78,-84.77,0.679,13.3,CRYPTO,5,2026-04-27 01:27:34
KRW-AAVE,0.005,0.003,30,2.0,65,763,37.1,-87.4,-59.78,0.679,5.1,CRYPTO,5,2026-04-27 01:27:34
KRW-AAVE,0.005,0.003,50,2.0,65,763,37.2,-87.79,-59.94,0.679,5.2,CRYPTO,5,2026-04-27 01:27:34
KRW-AAVE,0.005,0.005,10,2.0,70,1395,42.2,-169.4,-82.56,0.678,5.7,CRYPTO,5,2026-04-27 01:27:34
KRW-AAVE,0.01,0.005,30,1.5,70,1751,31.9,-282.23,-94.61,0.677,11.1,CRYPTO,5,2026-04-27 01:27:34
KRW-AAVE,0.02,0.01,10,1.5,70,1733,27.2,-262.23,-93.84,0.676,13.5,CRYPTO,5,2026-04-27 01:27:34
KRW-AAVE,0.02,0.01,10,1.2,70,1999,27.2,-301.44,-95.87,0.676,13.4,CRYPTO,5,2026-04-27 01:27:34
KRW-AAVE,0.02,0.003,30,2.0,65,740,18.0,-108.85,-67.5,0.676,12.5,CRYPTO,5,2026-04-27 01:27:34
KRW-AAVE,0.01,0.008,10,1.5,70,1799,33.9,-257.32,-93.06,0.675,9.3,CRYPTO,5,2026-04-27 01:27:34
KRW-AAVE,0.015,0.005,10,1.2,65,1244,28.2,-170.16,-83.49,0.675,9.3,CRYPTO,5,2026-04-27 01:27:34
KRW-AAVE,0.01,0.003,30,1.2,65,1252,25.7,-170.8,-83.02,0.675,7.9,CRYPTO,5,2026-04-27 01:27:34
KRW-AAVE,0.005,0.005,10,1.2,70,2193,42.2,-269.05,-93.83,0.675,5.8,CRYPTO,5,2026-04-27 01:27:34
KRW-AAVE,0.015,0.005,30,1.2,70,1956,26.2,-336.2,-97.07,0.675,13.9,CRYPTO,5,2026-04-27 01:27:34
KRW-AAVE,0.015,0.01,10,1.5,65,1030,30.9,-149.78,-79.73,0.675,11.5,CRYPTO,5,2026-04-27 01:27:34
KRW-AAVE,0.01,0.005,10,2.0,70,1376,31.8,-187.88,-86.02,0.675,7.6,CRYPTO,5,2026-04-27 01:27:34
KRW-AAVE,0.02,0.008,10,1.5,65,1019,27.5,-149.78,-80.01,0.674,12.9,CRYPTO,5,2026-04-27 01:27:34
KRW-AAVE,0.02,0.008,10,1.2,65,1216,27.7,-178.61,-84.98,0.674,12.7,CRYPTO,5,2026-04-27 01:27:34
KRW-AAVE,0.01,0.003,50,2.0,70,1363,25.8,-193.45,-86.29,0.674,8.0,CRYPTO,5,2026-04-27 01:27:34
KRW-AAVE,0.03,0.005,10,1.5,70,1709,21.7,-253.98,-93.6,0.672,14.2,CRYPTO,5,2026-04-27 01:27:34
KRW-AAVE,0.02,0.005,50,1.2,65,1145,21.0,-220.34,-90.38,0.671,19.2,CRYPTO,5,2026-04-27 01:27:34
KRW-AAVE,0.015,0.008,10,1.5,70,1769,29.3,-265.67,-94.04,0.671,10.9,CRYPTO,5,2026-04-27 01:27:34
KRW-AAVE,0.015,0.008,10,1.2,70,2044,29.5,-305.39,-96.02,0.671,10.9,CRYPTO,5,2026-04-27 01:27:34
KRW-AAVE,0.02,0.003,20,2.0,65,744,19.2,-106.81,-66.85,0.671,11.4,CRYPTO,5,2026-04-27 01:27:34
KRW-AAVE,0.005,0.005,10,1.5,70,1879,42.2,-234.79,-91.27,0.671,5.7,CRYPTO,5,2026-04-27 01:27:34
KRW-AAVE,0.01,0.005,10,1.5,65,1048,31.6,-141.15,-77.62,0.671,7.9,CRYPTO,5,2026-04-27 01:27:34
KRW-AAVE,0.015,0.003,50,2.0,70,1337,20.2,-205.38,-88.49,0.67,10.8,CRYPTO,5,2026-04-27 01:27:34
KRW-AAVE,0.015,0.005,30,1.5,70,1708,26.1,-297.51,-95.56,0.67,13.8,CRYPTO,5,2026-04-27 01:27:34
KRW-AAVE,0.015,0.008,10,1.5,65,1030,30.2,-150.79,-79.96,0.67,10.9,CRYPTO,5,2026-04-27 01:27:34
KRW-AAVE,0.01,0.003,20,1.2,65,1258,26.1,-171.19,-83.08,0.67,7.4,CRYPTO,5,2026-04-27 01:27:34
KRW-AAVE,0.01,0.003,50,1.2,65,1251,25.2,-176.52,-83.97,0.67,8.3,CRYPTO,5,2026-04-27 01:27:34
KRW-AAVE,0.005,0.003,20,2.0,65,764,37.2,-89.7,-60.59,0.668,4.9,CRYPTO,5,2026-04-27 01:27:34
KRW-AAVE,0.005,0.005,10,1.5,65,1055,41.7,-130.21,-74.81,0.668,6.0,CRYPTO,5,2026-04-27 01:27:34
KRW-AAVE,0.02,0.005,10,2.0,70,1340,24.6,-196.13,-87.91,0.668,10.9,CRYPTO,5,2026-04-27 01:27:34
KRW-AAVE,0.02,0.003,50,2.0,70,1310,16.6,-210.29,-89.38,0.668,13.5,CRYPTO,5,2026-04-27 01:27:34
KRW-AAVE,0.02,0.008,10,1.2,70,2006,26.5,-310.84,-96.24,0.667,12.8,CRYPTO,5,2026-04-27 01:27:34
KRW-AAVE,0.015,0.005,50,1.5,65,985,25.3,-183.74,-85.52,0.667,16.1,CRYPTO,5,2026-04-27 01:27:34
KRW-AAVE,0.005,0.003,10,1.2,65,1282,37.1,-147.63,-78.48,0.666,4.5,CRYPTO,5,2026-04-27 01:27:34
KRW-AAVE,0.02,0.005,50,1.5,65,966,21.0,-188.7,-86.47,0.666,19.3,CRYPTO,5,2026-04-27 01:27:34
KRW-AAVE,0.02,0.005,30,1.2,70,1898,22.5,-346.66,-97.3,0.666,16.6,CRYPTO,5,2026-04-27 01:27:34
KRW-AAVE,0.03,0.005,10,1.2,70,1973,21.5,-299.15,-95.96,0.666,14.1,CRYPTO,5,2026-04-27 01:27:34
KRW-AAVE,0.02,0.008,10,1.5,70,1736,26.4,-272.0,-94.4,0.664,12.9,CRYPTO,5,2026-04-27 01:27:34
KRW-AAVE,0.015,0.005,20,1.5,65,1010,26.5,-167.52,-82.8,0.664,12.5,CRYPTO,5,2026-04-27 01:27:34
KRW-AAVE,0.01,0.003,10,1.2,65,1274,27.9,-161.63,-81.31,0.663,6.2,CRYPTO,5,2026-04-27 01:27:34
KRW-AAVE,0.005,0.003,30,1.2,65,1274,36.6,-156.28,-80.29,0.663,5.1,CRYPTO,5,2026-04-27 01:27:34
KRW-AAVE,0.01,0.005,20,1.5,70,1771,31.2,-286.98,-94.77,0.662,9.9,CRYPTO,5,2026-04-27 01:27:34
KRW-AAVE,0.005,0.003,50,1.2,65,1274,36.7,-157.18,-80.47,0.662,5.2,CRYPTO,5,2026-04-27 01:27:34
KRW-AAVE,0.015,0.005,20,1.5,70,1732,26.0,-294.62,-95.42,0.661,12.1,CRYPTO,5,2026-04-27 01:27:34
KRW-AAVE,0.01,0.003,50,1.2,70,2129,25.4,-314.35,-96.02,0.661,8.1,CRYPTO,5,2026-04-27 01:27:34
KRW-AAVE,0.01,0.003,30,2.0,70,1371,25.8,-200.04,-87.15,0.66,7.6,CRYPTO,5,2026-04-27 01:27:34
KRW-AAVE,0.015,0.005,20,1.2,70,1994,26.1,-340.13,-97.17,0.66,12.2,CRYPTO,5,2026-04-27 01:27:34
KRW-AAVE,0.03,0.003,50,1.2,65,1165,13.0,-194.67,-87.29,0.66,17.2,CRYPTO,5,2026-04-27 01:27:34
KRW-AAVE,0.03,0.003,50,1.5,65,990,13.1,-166.74,-83.45,0.658,17.1,CRYPTO,5,2026-04-27 01:27:34
KRW-AAVE,0.01,0.003,20,2.0,70,1378,26.4,-197.58,-86.88,0.657,7.1,CRYPTO,5,2026-04-27 01:27:34
KRW-AAVE,0.02,0.005,20,1.2,70,1938,23.1,-342.92,-97.19,0.657,14.6,CRYPTO,5,2026-04-27 01:27:34
KRW-AAVE,0.01,0.005,10,1.2,70,2139,31.0,-308.96,-95.85,0.657,7.8,CRYPTO,5,2026-04-27 01:27:34
KRW-AAVE,0.015,0.005,30,1.5,65,1002,26.0,-179.25,-84.55,0.657,14.0,CRYPTO,5,2026-04-27 01:27:34
KRW-AAVE,0.03,0.003,30,1.2,65,1174,15.2,-188.3,-86.29,0.655,15.7,CRYPTO,5,2026-04-27 01:27:34
KRW-AAVE,0.005,0.003,20,1.2,65,1277,36.6,-159.17,-80.85,0.655,5.0,CRYPTO,5,2026-04-27 01:27:34
KRW-AAVE,0.015,0.003,20,2.0,70,1359,21.8,-204.85,-88.21,0.655,9.0,CRYPTO,5,2026-04-27 01:27:34
KRW-AAVE,0.015,0.005,10,1.5,65,1041,27.6,-152.15,-80.31,0.655,9.3,CRYPTO,5,2026-04-27 01:27:34
KRW-AAVE,0.015,0.003,30,2.0,70,1349,20.6,-211.46,-88.93,0.654,10.0,CRYPTO,5,2026-04-27 01:27:34
KRW-AAVE,0.01,0.003,30,1.2,70,2138,25.6,-318.08,-96.17,0.654,7.7,CRYPTO,5,2026-04-27 01:27:34
KRW-AAVE,0.02,0.005,10,1.2,65,1232,25.1,-184.4,-85.77,0.653,11.0,CRYPTO,5,2026-04-27 01:27:34
KRW-AAVE,0.02,0.005,20,1.5,70,1688,22.9,-303.06,-95.76,0.652,14.7,CRYPTO,5,2026-04-27 01:27:34
KRW-AAVE,0.02,0.005,30,1.5,70,1660,22.2,-315.38,-96.26,0.652,16.6,CRYPTO,5,2026-04-27 01:27:34
KRW-AAVE,0.015,0.003,10,1.2,65,1263,24.5,-170.17,-82.92,0.652,7.4,CRYPTO,5,2026-04-27 01:27:34
KRW-AAVE,0.03,0.003,30,1.5,65,999,14.9,-162.97,-82.21,0.651,15.5,CRYPTO,5,2026-04-27 01:27:34
KRW-AAVE,0.015,0.003,30,1.2,65,1231,20.1,-191.04,-86.32,0.651,10.1,CRYPTO,5,2026-04-27 01:27:34
KRW-AAVE,0.015,0.003,10,2.0,70,1384,23.7,-193.29,-86.82,0.65,7.3,CRYPTO,5,2026-04-27 01:27:34
KRW-AAVE,0.01,0.003,10,2.0,70,1401,27.6,-189.49,-85.87,0.65,6.0,CRYPTO,5,2026-04-27 01:27:34
KRW-AAVE,0.015,0.003,20,1.2,65,1240,21.3,-187.94,-85.88,0.649,9.2,CRYPTO,5,2026-04-27 01:27:34
KRW-AAVE,0.01,0.005,10,1.5,70,1838,30.8,-273.22,-94.08,0.649,7.7,CRYPTO,5,2026-04-27 01:27:34
KRW-AAVE,0.02,0.005,20,1.2,65,1183,23.2,-211.21,-89.03,0.649,14.8,CRYPTO,5,2026-04-27 01:27:34
KRW-AAVE,0.015,0.005,10,1.5,70,1810,26.5,-279.06,-94.76,0.648,9.2,CRYPTO,5,2026-04-27 01:27:34
KRW-AAVE,0.03,0.003,20,1.2,65,1187,16.8,-187.91,-86.21,0.648,14.4,CRYPTO,5,2026-04-27 01:27:34
KRW-AAVE,0.02,0.005,30,1.2,65,1170,22.5,-222.9,-90.27,0.647,16.6,CRYPTO,5,2026-04-27 01:27:34
KRW-AAVE,0.01,0.003,20,1.2,70,2152,25.8,-319.0,-96.2,0.647,7.2,CRYPTO,5,2026-04-27 01:27:34
KRW-AAVE,0.03,0.003,10,1.2,65,1219,20.2,-172.38,-83.79,0.647,11.8,CRYPTO,5,2026-04-27 01:27:34
KRW-AAVE,0.02,0.003,30,2.0,70,1324,17.8,-219.38,-89.93,0.645,12.3,CRYPTO,5,2026-04-27 01:27:34
KRW-AAVE,0.005,0.003,10,1.2,70,2241,37.1,-277.82,-94.24,0.645,4.4,CRYPTO,5,2026-04-27 01:27:34
KRW-AAVE,0.02,0.005,20,1.5,65,996,23.2,-179.19,-84.83,0.645,14.9,CRYPTO,5,2026-04-27 01:27:34
KRW-AAVE,0.02,0.005,10,1.5,65,1030,24.8,-157.42,-81.47,0.645,11.2,CRYPTO,5,2026-04-27 01:27:34
KRW-AAVE,0.005,0.003,30,2.0,70,1402,36.9,-182.84,-84.71,0.644,4.9,CRYPTO,5,2026-04-27 01:27:34
KRW-AAVE,0.015,0.005,10,1.2,70,2096,26.6,-325.88,-96.73,0.644,9.2,CRYPTO,5,2026-04-27 01:27:34
KRW-AAVE,0.03,0.003,50,2.0,70,1264,13.4,-225.23,-91.44,0.644,17.7,CRYPTO,5,2026-04-27 01:27:34
KRW-AAVE,0.005,0.003,50,2.0,70,1401,37.1,-183.59,-84.82,0.644,5.0,CRYPTO,5,2026-04-27 01:27:34
KRW-AAVE,0.005,0.003,30,1.2,70,2214,37.0,-291.71,-94.96,0.643,5.0,CRYPTO,5,2026-04-27 01:27:34
KRW-AAVE,0.015,0.003,50,1.2,65,1226,19.1,-201.64,-87.86,0.643,10.7,CRYPTO,5,2026-04-27 01:27:34
KRW-AAVE,0.005,0.003,50,1.2,70,2213,37.1,-292.25,-94.98,0.643,5.0,CRYPTO,5,2026-04-27 01:27:34
KRW-AAVE,0.03,0.003,20,1.5,65,1007,16.3,-162.08,-82.05,0.643,14.3,CRYPTO,5,2026-04-27 01:27:34
KRW-AAVE,0.01,0.003,50,1.5,65,1046,24.5,-161.59,-81.41,0.642,8.2,CRYPTO,5,2026-04-27 01:27:34
KRW-AAVE,0.02,0.003,20,2.0,70,1336,19.1,-214.5,-89.45,0.642,11.2,CRYPTO,5,2026-04-27 01:27:34
KRW-AAVE,0.03,0.003,50,1.5,70,1663,12.9,-299.29,-95.99,0.641,17.0,CRYPTO,5,2026-04-27 01:27:34
KRW-AAVE,0.005,0.003,20,1.2,70,2218,37.1,-291.0,-94.92,0.641,4.8,CRYPTO,5,2026-04-27 01:27:34
KRW-AAVE,0.03,0.003,10,1.5,65,1025,19.7,-148.22,-79.42,0.641,11.8,CRYPTO,5,2026-04-27 01:27:34
KRW-AAVE,0.01,0.003,30,1.5,65,1048,24.9,-159.82,-81.05,0.64,7.8,CRYPTO,5,2026-04-27 01:27:34
KRW-AAVE,0.005,0.003,20,2.0,70,1406,37.1,-183.83,-84.85,0.64,4.8,CRYPTO,5,2026-04-27 01:27:34
KRW-AAVE,0.03,0.003,50,1.2,70,1903,13.1,-341.83,-97.43,0.64,17.3,CRYPTO,5,2026-04-27 01:27:34
KRW-AAVE,0.01,0.003,50,1.5,70,1830,24.9,-290.06,-94.79,0.639,8.0,CRYPTO,5,2026-04-27 01:27:34
KRW-AAVE,0.005,0.003,10,2.0,70,1415,36.7,-178.52,-83.99,0.639,4.3,CRYPTO,5,2026-04-27 01:27:34
KRW-AAVE,0.015,0.003,50,1.2,70,2062,19.4,-347.41,-97.35,0.639,10.7,CRYPTO,5,2026-04-27 01:27:34
KRW-AAVE,0.03,0.003,30,1.2,70,1934,14.9,-333.57,-97.08,0.638,15.7,CRYPTO,5,2026-04-27 01:27:34
KRW-AAVE,0.01,0.003,10,1.2,70,2196,27.1,-307.87,-95.7,0.637,6.1,CRYPTO,5,2026-04-27 01:27:34
KRW-AAVE,0.02,0.005,30,1.5,65,987,22.6,-193.38,-86.83,0.636,16.6,CRYPTO,5,2026-04-27 01:27:34
KRW-AAVE,0.015,0.003,30,1.2,70,2080,20.2,-344.37,-97.2,0.635,10.0,CRYPTO,5,2026-04-27 01:27:34
KRW-AAVE,0.02,0.005,10,1.2,70,2060,23.6,-336.15,-97.03,0.635,11.0,CRYPTO,5,2026-04-27 01:27:34
KRW-AAVE,0.03,0.003,20,2.0,70,1296,16.8,-216.61,-90.1,0.635,14.5,CRYPTO,5,2026-04-27 01:27:34
KRW-AAVE,0.01,0.003,20,1.5,65,1050,25.2,-160.09,-80.96,0.634,7.3,CRYPTO,5,2026-04-27 01:27:34
KRW-AAVE,0.01,0.003,10,1.5,65,1062,26.8,-148.49,-78.64,0.633,6.2,CRYPTO,5,2026-04-27 01:27:34
KRW-AAVE,0.03,0.003,30,2.0,70,1283,14.8,-227.52,-91.1,0.631,15.8,CRYPTO,5,2026-04-27 01:27:34
KRW-AAVE,0.03,0.003,30,1.5,70,1692,14.6,-299.13,-95.81,0.631,15.4,CRYPTO,5,2026-04-27 01:27:34
KRW-AAVE,0.02,0.003,10,2.0,70,1367,21.1,-204.52,-88.38,0.631,9.0,CRYPTO,5,2026-04-27 01:27:34
KRW-AAVE,0.02,0.005,10,1.5,70,1779,23.4,-295.25,-95.51,0.629,11.1,CRYPTO,5,2026-04-27 01:27:34
KRW-AAVE,0.015,0.003,20,1.2,70,2102,21.1,-342.21,-97.15,0.628,9.1,CRYPTO,5,2026-04-27 01:27:34
KRW-AAVE,0.02,0.003,50,1.2,70,2000,15.7,-361.01,-97.71,0.628,13.4,CRYPTO,5,2026-04-27 01:27:34
KRW-AAVE,0.005,0.003,10,1.5,70,1914,36.5,-250.52,-92.41,0.628,4.4,CRYPTO,5,2026-04-27 01:27:34
KRW-AAVE,0.03,0.003,10,2.0,70,1330,19.1,-205.21,-88.91,0.628,11.9,CRYPTO,5,2026-04-27 01:27:34
KRW-AAVE,0.01,0.003,30,1.5,70,1839,25.0,-297.53,-95.16,0.627,7.6,CRYPTO,5,2026-04-27 01:27:34
KRW-AAVE,0.005,0.003,10,1.5,65,1065,36.2,-138.76,-76.43,0.627,4.5,CRYPTO,5,2026-04-27 01:27:34
KRW-AAVE,0.03,0.003,20,1.5,70,1710,16.0,-294.12,-95.59,0.626,14.1,CRYPTO,5,2026-04-27 01:27:34
KRW-AAVE,0.02,0.003,50,1.2,65,1207,15.4,-217.82,-89.63,0.625,13.1,CRYPTO,5,2026-04-27 01:27:34
KRW-AAVE,0.005,0.003,30,1.5,70,1894,36.4,-263.02,-93.26,0.625,4.9,CRYPTO,5,2026-04-27 01:27:34
KRW-AAVE,0.005,0.003,50,1.5,70,1893,36.5,-264.19,-93.34,0.624,5.0,CRYPTO,5,2026-04-27 01:27:34
KRW-AAVE,0.03,0.003,20,1.2,70,1961,16.3,-338.4,-97.22,0.624,14.3,CRYPTO,5,2026-04-27 01:27:34
KRW-AAVE,0.02,0.003,10,1.2,65,1251,21.7,-186.79,-85.65,0.623,9.1,CRYPTO,5,2026-04-27 01:27:34
KRW-AAVE,0.015,0.003,50,1.5,70,1788,19.1,-316.04,-96.25,0.623,10.6,CRYPTO,5,2026-04-27 01:27:34
KRW-AAVE,0.03,0.003,10,1.5,70,1766,18.3,-276.02,-94.77,0.623,11.7,CRYPTO,5,2026-04-27 01:27:34
KRW-AAVE,0.005,0.003,20,1.5,70,1898,36.5,-262.27,-93.2,0.623,4.8,CRYPTO,5,2026-04-27 01:27:34
KRW-AAVE,0.005,0.003,30,1.5,65,1059,35.4,-148.02,-78.66,0.621,5.1,CRYPTO,5,2026-04-27 01:27:34
KRW-AAVE,0.005,0.003,50,1.5,65,1059,35.5,-148.82,-78.83,0.621,5.2,CRYPTO,5,2026-04-27 01:27:34
KRW-AAVE,0.02,0.003,30,1.2,70,2022,17.2,-357.94,-97.53,0.621,12.3,CRYPTO,5,2026-04-27 01:27:34
KRW-AAVE,0.015,0.003,10,1.2,70,2159,23.2,-327.06,-96.62,0.62,7.4,CRYPTO,5,2026-04-27 01:27:34
KRW-AAVE,0.01,0.003,20,1.5,70,1848,25.2,-297.23,-95.15,0.62,7.1,CRYPTO,5,2026-04-27 01:27:34
KRW-AAVE,0.03,0.003,10,1.2,70,2042,18.7,-323.43,-96.76,0.617,11.6,CRYPTO,5,2026-04-27 01:27:34
KRW-AAVE,0.02,0.003,30,1.2,65,1213,17.1,-213.37,-89.03,0.617,12.2,CRYPTO,5,2026-04-27 01:27:34
KRW-AAVE,0.01,0.003,10,1.5,70,1883,26.3,-281.98,-94.43,0.616,6.1,CRYPTO,5,2026-04-27 01:27:34
KRW-AAVE,0.005,0.003,20,1.5,65,1061,35.5,-149.28,-78.81,0.616,5.0,CRYPTO,5,2026-04-27 01:27:34
KRW-AAVE,0.015,0.003,30,1.5,70,1805,19.8,-315.86,-96.16,0.616,9.9,CRYPTO,5,2026-04-27 01:27:34
KRW-AAVE,0.02,0.003,20,1.2,65,1223,18.3,-210.95,-88.75,0.613,11.2,CRYPTO,5,2026-04-27 01:27:34
KRW-AAVE,0.015,0.003,20,1.5,70,1818,20.7,-310.45,-95.96,0.612,9.0,CRYPTO,5,2026-04-27 01:27:34
KRW-AAVE,0.02,0.003,50,1.5,70,1737,15.5,-328.92,-96.79,0.612,13.3,CRYPTO,5,2026-04-27 01:27:34
KRW-AAVE,0.02,0.003,20,1.2,70,2050,18.3,-360.09,-97.59,0.609,11.2,CRYPTO,5,2026-04-27 01:27:34
KRW-AAVE,0.015,0.003,10,1.5,65,1055,23.4,-162.27,-81.52,0.608,7.4,CRYPTO,5,2026-04-27 01:27:34
KRW-AAVE,0.015,0.003,20,1.5,65,1041,20.5,-178.99,-84.37,0.606,9.2,CRYPTO,5,2026-04-27 01:27:34
KRW-AAVE,0.015,0.003,30,1.5,65,1037,19.4,-183.99,-85.08,0.604,10.0,CRYPTO,5,2026-04-27 01:27:34
KRW-AAVE,0.015,0.003,10,1.5,70,1858,22.4,-296.09,-95.39,0.603,7.4,CRYPTO,5,2026-04-27 01:27:34
KRW-AAVE,0.015,0.003,50,1.5,65,1031,18.4,-191.23,-86.2,0.601,10.8,CRYPTO,5,2026-04-27 01:27:34
KRW-AAVE,0.02,0.003,30,1.5,70,1758,16.9,-330.14,-96.69,0.6,12.2,CRYPTO,5,2026-04-27 01:27:34
KRW-AAVE,0.02,0.003,10,1.2,70,2122,20.4,-345.38,-97.22,0.599,9.1,CRYPTO,5,2026-04-27 01:27:34
KRW-AAVE,0.02,0.003,50,1.5,65,1015,15.3,-197.9,-87.24,0.597,13.2,CRYPTO,5,2026-04-27 01:27:34
KRW-AAVE,0.02,0.003,20,1.5,70,1776,17.9,-325.76,-96.55,0.594,11.2,CRYPTO,5,2026-04-27 01:27:34
KRW-AAVE,0.02,0.003,10,1.5,65,1045,21.0,-169.13,-82.82,0.594,9.2,CRYPTO,5,2026-04-27 01:27:34
KRW-AAVE,0.02,0.003,30,1.5,65,1022,16.7,-194.43,-86.65,0.589,12.2,CRYPTO,5,2026-04-27 01:27:34
KRW-AAVE,0.02,0.003,20,1.5,65,1028,17.7,-190.77,-86.13,0.585,11.3,CRYPTO,5,2026-04-27 01:27:34
KRW-AAVE,0.02,0.003,10,1.5,70,1827,19.8,-310.66,-96.05,0.583,9.1,CRYPTO,5,2026-04-27 01:27:34
